"","motif","observed","background","percent.observed","percent.background","fold.enrichment","pvalue","motif.name","p.adjust"
"MA1525.3","MA1525.3",2,2882,100,7.205,13.8792505204719,0.00518953098827471,"NFATC4",0.856260769054737
"MA2101.1","MA2101.1",2,3267,100,8.1675,12.243648607285,0.00666893047326184,"ZNF677",0.856260769054737
"MA1992.2","MA1992.2",2,3802,100,9.505,10.5207785376118,0.00903235205880147,"Ikzf3",0.856260769054737
"MA1930.2","MA1930.2",2,5213,100,13.0325,7.67312488010742,0.0169817720443011,"CTCF.2",0.856260769054737
"MA0139.2","MA0139.2",2,6395,100,15.9875,6.25488663017983,0.0255566576664417,"CTCF",0.856260769054737
"MA0821.2","MA0821.2",1,621,50,1.5525,32.2061191626409,0.030809356483912,"HES5",0.856260769054737
"MA1623.2","MA1623.2",2,7620,100,19.05,5.249343832021,0.0362863946598665,"Stat2",0.856260769054737
"MA0822.1","MA0822.1",1,766,50,1.915,26.1096605744125,0.0379337470936774,"HES7",0.856260769054737
"MA1560.2","MA1560.2",1,862,50,2.155,23.2018561484919,0.0426361246531162,"SOHLH2",0.856260769054737
"MA0467.3","MA0467.3",2,8361,100,20.9025,4.78411673244827,0.0436873171829296,"Crx",0.856260769054737
"MA0682.3","MA0682.3",2,8361,100,20.9025,4.78411673244827,0.0436873171829296,"PITX1",0.856260769054737
"MA0648.2","MA0648.2",2,8361,100,20.9025,4.78411673244827,0.0436873171829296,"GSC",0.856260769054737
"MA0891.2","MA0891.2",2,8361,100,20.9025,4.78411673244827,0.0436873171829296,"GSC2",0.856260769054737
"MA0711.2","MA0711.2",2,8361,100,20.9025,4.78411673244827,0.0436873171829296,"OTX1",0.856260769054737
"MA0714.2","MA0714.2",2,8361,100,20.9025,4.78411673244827,0.0436873171829296,"PITX3",0.856260769054737
"MA0014.4","MA0014.4",1,896,50,2.24,22.3214285714286,0.0442987874696867,"PAX5",0.856260769054737
"MA1943.2","MA1943.2",1,896,50,2.24,22.3214285714286,0.0442987874696867,"ETV2::HOXB13",0.856260769054737
"MA0686.2","MA0686.2",1,902,50,2.255,22.1729490022173,0.0445920485512137,"SPDEF",0.856260769054737
"MA0616.3","MA0616.3",1,917,50,2.2925,21.8102508178844,0.0453250043751093,"HES2",0.856260769054737
"MA1932.2","MA1932.2",1,950,50,2.375,21.0526315789474,0.046936517162929,"ELK1::HOXB13",0.856260769054737
"MA0831.3","MA0831.3",1,954,50,2.385,20.9643605870021,0.0471317595439886,"TFE3",0.856260769054737
"MA0823.1","MA0823.1",1,989,50,2.4725,20.2224469160768,0.0488392772319307,"HEY1",0.856260769054737
"MA0760.2","MA0760.2",1,1001,50,2.5025,19.98001998002,0.0494243593589839,"ERF",0.856260769054737
"MA1099.3","MA1099.3",1,1001,50,2.5025,19.98001998002,0.0494243593589839,"HES1",0.856260769054737
"MA0694.2","MA0694.2",1,1008,50,2.52,19.8412698412698,0.0497655741393533,"ZBTB7B",0.856260769054737
"MA1420.1","MA1420.1",1,1023,50,2.5575,19.5503421309873,0.0504965424135601,"IRF5",0.856260769054737
"MA0649.2","MA0649.2",1,1036,50,2.59,19.3050193050193,0.0511298207455184,"HEY2",0.856260769054737
"MA0098.4","MA0098.4",1,1088,50,2.72,18.3823529411765,0.0536608215205379,"ETS1",0.856260769054737
"MA0147.4","MA0147.4",1,1109,50,2.7725,18.034265103697,0.0546819982999576,"MYC",0.856260769054737
"MA0104.5","MA0104.5",1,1109,50,2.7725,18.034265103697,0.0546819982999576,"MYCN",0.856260769054737
"MA1931.1","MA1931.1",1,1141,50,2.8525,17.5284837861525,0.0562370171754291,"ELK1::HOXA1",0.856260769054737
"MA1933.2","MA1933.2",1,1159,50,2.8975,17.2562553925798,0.0571111527788196,"ELK1::SREBF2",0.856260769054737
"MA0019.2","MA0019.2",1,1177,50,2.9425,16.9923534409516,0.057984883372084,"Ddit3::Cebpa",0.856260769054737
"MA1949.2","MA1949.2",1,1184,50,2.96,16.8918918918919,0.0583245581139525,"FLI1::DRGX",0.856260769054737
"MA0059.2","MA0059.2",1,1188,50,2.97,16.8350168350168,0.0585186304657614,"MAX::MYC",0.856260769054737
"MA1533.2","MA1533.2",1,1257,50,3.1425,15.9108989657916,0.0618632303307582,"NR1I2",0.856260769054737
"MA0736.1","MA0736.1",1,1441,50,3.6025,13.8792505204719,0.0707530675766894,"GLIS2",0.856260769054737
"MA1722.2","MA1722.2",1,1443,50,3.6075,13.8600138600139,0.0708494637365932,"ZSCAN31",0.856260769054737
"MA1105.3","MA1105.3",1,1462,50,3.655,13.6798905608755,0.071764977874447,"GRHL2",0.856260769054737
"MA1122.2","MA1122.2",1,1485,50,3.7125,13.4680134680135,0.0728726280657017,"TFDP1",0.856260769054737
"MA0865.3","MA0865.3",1,1511,50,3.7775,13.2362673726009,0.0741239580989527,"E2F8",0.856260769054737
"MA0641.1","MA0641.1",1,1532,50,3.83,13.0548302872063,0.0751340308507711,"ELF4",0.856260769054737
"MA1515.2","MA1515.2",1,1570,50,3.925,12.7388535031847,0.0769603802595065,"KLF2",0.856260769054737
"MA0629.2","MA0629.2",1,1589,50,3.9725,12.586532410321,0.0778728780719516,"Rhox11",0.856260769054737
"MA1494.2","MA1494.2",1,1625,50,4.0625,12.3076923076923,0.079600583764594,"HNF4A",0.856260769054737
"MA1491.3","MA1491.3",1,1762,50,4.405,11.3507377979569,0.0861606502662566,"GLI3",0.856260769054737
"MA0645.2","MA0645.2",1,1871,50,4.6775,10.6894708711919,0.091363214080352,"ETV6",0.856260769054737
"MA1580.1","MA1580.1",1,1878,50,4.695,10.6496272630458,0.0916968161704044,"ZBTB32",0.856260769054737
"MA1707.2","MA1707.2",1,1966,50,4.915,10.1729399796541,0.095885445886147,"DMRTA1",0.856260769054737
"MA0115.1","MA0115.1",1,1991,50,4.9775,10.0452034153692,0.097073631840796,"NR1H2::RXRA",0.856260769054737
"MA0815.1","MA0815.1",1,2010,50,5.025,9.9502487562189,0.0979761306532665,"TFAP2C",0.856260769054737
"MA1532.2","MA1532.2",1,2020,50,5.05,9.9009900990099,0.0984509487737193,"NR1D2",0.856260769054737
"MA0883.2","MA0883.2",1,2037,50,5.0925,9.81836033382425,0.0992578526963174,"Dmbx1",0.856260769054737
"MA0693.4","MA0693.4",1,2050,50,5.125,9.75609756097561,0.0998746531163278,"Vdr",0.856260769054737
"MA1531.2","MA1531.2",1,2067,50,5.1675,9.67585873246251,0.100680919522988,"NR1D1",0.856260769054737
"MA1994.2","MA1994.2",1,2094,50,5.235,9.55109837631328,0.101960717767944,"Nkx2-1",0.856260769054737
"MA0512.2","MA0512.2",1,2099,50,5.2475,9.52834683182468,0.102197617440436,"Rxra",0.856260769054737
"MA0729.1","MA0729.1",1,2108,50,5.27,9.4876660341556,0.102623958098952,"RARA",0.856260769054737
"MA0856.1","MA0856.1",1,2112,50,5.28,9.46969696969697,0.102813410335258,"RXRG",0.856260769054737
"MA0859.2","MA0859.2",1,2120,50,5.3,9.43396226415094,0.10319225480637,"Rarg.1",0.856260769054737
"MA1479.2","MA1479.2",1,2136,50,5.34,9.36329588014981,0.103949703742594,"DMRTC2",0.856260769054737
"MA0855.1","MA0855.1",1,2142,50,5.355,9.33706816059757,0.104233664591615,"RXRB",0.856260769054737
"MA0872.1","MA0872.1",1,2157,50,5.3925,9.27213722763097,0.104943369834246,"TFAP2A",0.856260769054737
"MA0653.1","MA0653.1",1,2173,50,5.4325,9.2038656235619,0.105700078751969,"IRF9",0.856260769054737
"MA0489.3","MA0489.3",1,2177,50,5.4425,9.1869545245751,0.105889205980149,"Jun",0.856260769054737
"MA0860.1","MA0860.1",1,2191,50,5.4775,9.12825193975354,0.106550993774844,"Rarg",0.856260769054737
"MA0148.5","MA0148.5",1,2201,50,5.5025,9.08677873693776,0.107023549338733,"FOXA1",0.856260769054737
"MA0042.2","MA0042.2",1,2207,50,5.5175,9.06207521522429,0.107307022675567,"FOXI1",0.856260769054737
"MA0033.2","MA0033.2",1,2207,50,5.5175,9.06207521522429,0.107307022675567,"FOXL1",0.856260769054737
"MA0848.1","MA0848.1",1,2207,50,5.5175,9.06207521522429,0.107307022675567,"FOXO4",0.856260769054737
"MA0850.1","MA0850.1",1,2207,50,5.5175,9.06207521522429,0.107307022675567,"FOXP3",0.856260769054737
"MA2117.1","MA2117.1",1,2207,50,5.5175,9.06207521522429,0.107307022675567,"FOXP4",0.856260769054737
"MA0480.3","MA0480.3",1,2207,50,5.5175,9.06207521522429,0.107307022675567,"Foxo1",0.856260769054737
"MA1683.2","MA1683.2",1,2207,50,5.5175,9.06207521522429,0.107307022675567,"FOXA3",0.856260769054737
"MA0031.2","MA0031.2",1,2207,50,5.5175,9.06207521522429,0.107307022675567,"FOXD1",0.856260769054737
"MA1606.2","MA1606.2",1,2207,50,5.5175,9.06207521522429,0.107307022675567,"Foxf1",0.856260769054737
"MA0852.3","MA0852.3",1,2207,50,5.5175,9.06207521522429,0.107307022675567,"FOXK1",0.856260769054737
"MA1103.3","MA1103.3",1,2207,50,5.5175,9.06207521522429,0.107307022675567,"FOXK2",0.856260769054737
"MA0157.4","MA0157.4",1,2207,50,5.5175,9.06207521522429,0.107307022675567,"Foxo3",0.856260769054737
"MA0481.4","MA0481.4",1,2207,50,5.5175,9.06207521522429,0.107307022675567,"FOXP1",0.856260769054737
"MA1541.2","MA1541.2",1,2208,50,5.52,9.05797101449275,0.107354263856597,"NR6A1",0.856260769054737
"MA0494.2","MA0494.2",1,2214,50,5.535,9.03342366757001,0.107637684692117,"Nr1h3::Rxra",0.856260769054737
"MA1574.2","MA1574.2",1,2214,50,5.535,9.03342366757001,0.107637684692117,"THRB",0.856260769054737
"MA1711.2","MA1711.2",1,2219,50,5.5475,9.01306894997747,0.107873834345859,"ZNF343",0.856260769054737
"MA2334.1","MA2334.1",1,2221,50,5.5525,9.0049527239982,0.107968285457136,"ZNF547",0.856260769054737
"MA0160.3","MA0160.3",1,2239,50,5.5975,8.93255917820455,0.108818120453011,"NR4A2",0.856260769054737
"MA0677.2","MA0677.2",1,2241,50,5.6025,8.92458723784025,0.108912521563039,"Nr2f6",0.856260769054737
"MA0122.4","MA0122.4",1,2262,50,5.655,8.84173297966401,0.109903431335783,"Nkx3-2",0.856260769054737
"MA1559.2","MA1559.2",1,2271,50,5.6775,8.80669308674593,0.110327938198455,"SNAI3",0.856260769054737
"MA0728.1","MA0728.1",1,2278,50,5.695,8.77963125548727,0.110658040201005,"Nr2F6",0.856260769054737
"MA1537.2","MA1537.2",1,2283,50,5.7075,8.76040297853701,0.110893789844746,"NR2F1.2",0.856260769054737
"MA0751.2","MA0751.2",1,2306,50,5.765,8.67302688638335,0.111977835695892,"ZIC4",0.856260769054737
"MA1528.2","MA1528.2",1,2319,50,5.7975,8.6244070720138,0.112590264756619,"NFIX.1",0.856260769054737
"MA1550.2","MA1550.2",1,2340,50,5.85,8.54700854700855,0.113579126978174,"PPARD",0.856260769054737
"MA0119.1","MA0119.1",1,2364,50,5.91,8.46023688663283,0.114708580214505,"NFIC::TLX1",0.856260769054737
"MA0857.1","MA0857.1",1,2370,50,5.925,8.43881856540084,0.114990831020776,"Rarb",0.856260769054737
"MA0813.1","MA0813.1",1,2371,50,5.9275,8.43525938422606,0.115037868446711,"TFAP2B",0.856260769054737
"MA0898.2","MA0898.2",1,2416,50,6.04,8.27814569536424,0.117153258831471,"Hmx3",0.856260769054737
"MA0667.1","MA0667.1",1,2417,50,6.0425,8.27472072817542,0.117200238755969,"MYF6",0.856260769054737
"MA0643.2","MA0643.2",1,2420,50,6.05,8.26446280991736,0.117341171029276,"Esrrg",0.856260769054737
"MA0691.1","MA0691.1",1,2426,50,6.065,8.24402308326463,0.117623001825045,"TFAP4",0.856260769054737
"MA0018.5","MA0018.5",1,2431,50,6.0775,8.22706705059646,0.117857826445661,"CREB1",0.856260769054737
"MA0696.1","MA0696.1",1,2443,50,6.1075,8.18665575112566,0.118421278031951,"ZIC1",0.856260769054737
"MA1955.2","MA1955.2",1,2446,50,6.115,8.17661488143908,0.11856211280282,"FOXO1::ELK3",0.856260769054737
"MA1589.2","MA1589.2",1,2461,50,6.1525,8.12677773262901,0.119266117902947,"ZNF140",0.856260769054737
"MA0051.2","MA0051.2",1,2499,50,6.2475,8.0032012805122,0.121048338708467,"IRF2",0.856260769054737
"MA0659.4","MA0659.4",1,2499,50,6.2475,8.0032012805122,0.121048338708467,"Mafg",0.856260769054737
"MA0089.3","MA0089.3",1,2524,50,6.31,7.92393026941363,0.1222198679967,"MAFG::NFE2L1",0.856260769054737
"MA1148.2","MA1148.2",1,2525,50,6.3125,7.92079207920792,0.122266712917823,"PPARA::RXRA",0.856260769054737
"MA1527.2","MA1527.2",1,2540,50,6.35,7.8740157480315,0.122969236730918,"NFIC.1",0.856260769054737
"MA1516.2","MA1516.2",1,2561,50,6.4025,7.80944943381492,0.123952297557439,"KLF3",0.856260769054737
"MA0078.3","MA0078.3",1,2601,50,6.5025,7.68935024990388,0.125823269331733,"Sox17",0.856260769054737
"MA0613.1","MA0613.1",1,2603,50,6.5075,7.68344218209758,0.125916765419135,"FOXG1",0.856260769054737
"MA1988.2","MA1988.2",1,2614,50,6.535,7.65110941086458,0.126430904522613,"Atf3",0.856260769054737
"MA1634.2","MA1634.2",1,2614,50,6.535,7.65110941086458,0.126430904522613,"BATF",0.856260769054737
"MA0462.3","MA0462.3",1,2614,50,6.535,7.65110941086458,0.126430904522613,"BATF::JUN",0.856260769054737
"MA0835.3","MA0835.3",1,2614,50,6.535,7.65110941086458,0.126430904522613,"BATF3",0.856260769054737
"MA1928.2","MA1928.2",1,2614,50,6.535,7.65110941086458,0.126430904522613,"BNC2",0.856260769054737
"MA1472.3","MA1472.3",1,2615,50,6.5375,7.64818355640535,0.126477636940924,"Bhlha15",0.856260769054737
"MA0038.3","MA0038.3",1,2619,50,6.5475,7.63650248186331,0.126664554113853,"GFI1",0.856260769054737
"MA0896.2","MA0896.2",1,2621,50,6.5525,7.63067531476536,0.12675800520013,"Hmx1",0.856260769054737
"MA0832.2","MA0832.2",1,2657,50,6.6425,7.52728641324802,0.128439269731743,"Tcf21",0.856260769054737
"MA1713.2","MA1713.2",1,2660,50,6.65,7.5187969924812,0.12857930198255,"ZNF610",0.856260769054737
"MA0136.4","MA0136.4",1,2661,50,6.6525,7.51597143930853,0.128625976899422,"Elf5",0.856260769054737
"MA1641.2","MA1641.2",1,2689,50,6.7225,7.43770918557084,0.129932367059176,"MYF5",0.856260769054737
"MA1619.2","MA1619.2",1,2689,50,6.7225,7.43770918557084,0.129932367059176,"Ptf1A.1",0.856260769054737
"MA0869.3","MA0869.3",1,2692,50,6.73,7.42942050520059,0.130072279306983,"Sox11",0.856260769054737
"MA0017.3","MA0017.3",1,2693,50,6.7325,7.42666171555886,0.130118914222855,"NR2F1.1",0.856260769054737
"MA0258.2","MA0258.2",1,2706,50,6.765,7.3909830007391,0.130725054376359,"ESR2",0.856260769054737
"MA0592.4","MA0592.4",1,2737,50,6.8425,7.30727073438071,0.132169612990325,"ESRRA",0.856260769054737
"MA0897.2","MA0897.2",1,2745,50,6.8625,7.28597449908925,0.132542207305183,"Hmx2",0.856260769054737
"MA2098.1","MA2098.1",1,2772,50,6.93,7.21500721500722,0.133799122478062,"ZNF766",0.856260769054737
"MA1645.2","MA1645.2",1,2772,50,6.93,7.21500721500722,0.133799122478062,"NKX2-2",0.856260769054737
"MA0687.2","MA0687.2",1,2849,50,7.1225,7.02000702000702,0.13737865321633,"SPIC",0.856260769054737
"MA1952.2","MA1952.2",1,2854,50,7.135,7.00770847932726,0.137610834020851,"FOXJ2::ELF1",0.856260769054737
"MA1935.2","MA1935.2",1,2861,50,7.1525,6.99056274030059,0.137935834645866,"ERF::FOXI1",0.856260769054737
"MA2118.1","MA2118.1",1,2870,50,7.175,6.96864111498258,0.138353602590065,"FOXS1",0.856260769054737
"MA1656.2","MA1656.2",1,2885,50,7.2125,6.93240901213172,0.139049657491437,"ZNF449",0.856260769054737
"MA1942.2","MA1942.2",1,2940,50,7.35,6.80272108843537,0.141599452486312,"ETV2::FOXI1",0.856260769054737
"MA0471.3","MA0471.3",1,3006,50,7.515,6.65335994677312,0.144654215105377,"E2F6",0.856260769054737
"MA1112.3","MA1112.3",1,3024,50,7.56,6.61375661375661,0.145486387159679,"NR4A1",0.856260769054737
"MA0772.2","MA0772.2",1,3072,50,7.68,6.51041666666667,0.147703532588314,"IRF7",0.856260769054737
"MA1954.2","MA1954.2",1,3084,50,7.71,6.48508430609598,0.148257368934223,"FOXO1::ELK1",0.856260769054737
"MA2338.1","MA2338.1",1,3092,50,7.73,6.46830530401035,0.148626493162329,"Ppara",0.856260769054737
"MA1111.2","MA1111.2",1,3092,50,7.73,6.46830530401035,0.148626493162329,"NR2F2",0.856260769054737
"MA1950.2","MA1950.2",1,3104,50,7.76,6.44329896907217,0.149180029500737,"FLI1::FOXI1",0.856260769054737
"MA0496.4","MA0496.4",1,3105,50,7.7625,6.44122383252818,0.149226149403735,"MAFK",0.856260769054737
"MA0598.4","MA0598.4",1,3131,50,7.8275,6.38773554774832,0.150424828120703,"EHF",0.856260769054737
"MA1540.3","MA1540.3",1,3177,50,7.9425,6.29524708844822,0.152543497337433,"NR5A1",0.856260769054737
"MA2332.1","MA2332.1",1,3189,50,7.9725,6.27155848228285,0.153095758643966,"ZNF175",0.856260769054737
"MA0524.3","MA0524.3",1,3213,50,8.0325,6.22471210706505,0.154199741243531,"TFAP2C.1",0.856260769054737
"MA0712.3","MA0712.3",1,3214,50,8.035,6.22277535780958,0.154245724893122,"OTX2",0.856260769054737
"MA0753.3","MA0753.3",1,3231,50,8.0775,6.19003404518725,0.155027255681392,"ZNF740",0.856260769054737
"MA1631.2","MA1631.2",1,3236,50,8.09,6.18046971569839,0.155257048926223,"ASCL1.1",0.856260769054737
"MA1969.2","MA1969.2",1,3248,50,8.12,6.1576354679803,0.15580842521063,"THRA",0.856260769054737
"MA1106.2","MA1106.2",1,3269,50,8.1725,6.11807892321811,0.156772900572514,"HIF1A",0.856260769054737
"MA0004.1","MA0004.1",1,3332,50,8.33,6.00240096038415,0.159663019075477,"Arnt",0.856260769054737
"MA0058.4","MA0058.4",1,3332,50,8.33,6.00240096038415,0.159663019075477,"MAX",0.856260769054737
"MA0622.2","MA0622.2",1,3332,50,8.33,6.00240096038415,0.159663019075477,"Mlxip",0.856260769054737
"MA0825.2","MA0825.2",1,3332,50,8.33,6.00240096038415,0.159663019075477,"MNT",0.856260769054737
"MA0665.1","MA0665.1",1,3338,50,8.345,5.99161174355902,0.159938009700243,"MSC",0.856260769054737
"MA1999.2","MA1999.2",1,3361,50,8.4025,5.9506099375186,0.160991723543089,"Prdm5",0.856260769054737
"MA0640.3","MA0640.3",1,3391,50,8.4775,5.89796520200531,0.162365139128478,"ELF3",0.856260769054737
"MA1646.2","MA1646.2",1,3439,50,8.5975,5.81564408258215,0.1645602640066,"OSR2",0.856260769054737
"MA1625.2","MA1625.2",1,3441,50,8.6025,5.81226387678,0.164651665041626,"Stat5b",0.856260769054737
"MA0810.2","MA0810.2",1,3459,50,8.6475,5.78201792425557,0.165474049351234,"TFAP2A.1",0.856260769054737
"MA0468.1","MA0468.1",1,3468,50,8.67,5.76701268742791,0.165885089627241,"DUX4",0.856260769054737
"MA0483.2","MA0483.2",1,3490,50,8.725,5.73065902578797,0.166889428485712,"Gfi1B",0.856260769054737
"MA0047.4","MA0047.4",1,3513,50,8.7825,5.69313976658127,0.167938772219305,"FOXA2",0.856260769054737
"MA0660.1","MA0660.1",1,3518,50,8.795,5.68504832291074,0.168166802920073,"MEF2B",0.856260769054737
"MA1508.2","MA1508.2",1,3527,50,8.8175,5.67054153671676,0.168577179429486,"IKZF1",0.856260769054737
"MA1418.2","MA1418.2",1,3560,50,8.9,5.61797752808989,0.170081027025676,"IRF3",0.856260769054737
"MA0761.3","MA0761.3",1,3564,50,8.91,5.61167227833895,0.170263219080477,"ETV1",0.856260769054737
"MA1967.2","MA1967.2",1,3582,50,8.955,5.58347292015634,0.171082835820896,"TFAP4::FLI1",0.856260769054737
"MA1643.2","MA1643.2",1,3583,50,8.9575,5.58191459670667,0.171128358208955,"NFIB",0.856260769054737
"MA0849.1","MA0849.1",1,3590,50,8.975,5.57103064066852,0.171446979924498,"FOXO6",0.856260769054737
"MA0597.3","MA0597.3",1,3675,50,9.1875,5.4421768707483,0.175311070276757,"THAP1",0.87061260323881
"MA0048.3","MA0048.3",1,3746,50,9.365,5.33902829684997,0.178531799544989,"NHLH1",0.881469340777636
"MA0698.2","MA0698.2",1,3790,50,9.475,5.27704485488127,0.180524581864547,"ZBTB18",0.881469340777636
"MA1599.2","MA1599.2",1,3804,50,9.51,5.25762355415352,0.181158141453536,"ZNF682",0.881469340777636
"MA0155.1","MA0155.1",1,3827,50,9.5675,5.22602560752548,0.182198457461436,"INSM1",0.881469340777636
"MA0473.4","MA0473.4",1,3842,50,9.605,5.20562207183758,0.182876568164204,"ELF1",0.881469340777636
"MA0091.2","MA0091.2",1,3860,50,9.65,5.18134715025907,0.183689929748244,"TAL1::TCF3",0.881469340777636
"MA0851.2","MA0851.2",1,3897,50,9.7425,5.13215293815756,0.185360567764194,"Foxj3",0.881469340777636
"MA2122.1","MA2122.1",1,3919,50,9.7975,5.1033426894616,0.186353108827721,"Ebf4",0.881469340777636
"MA0830.3","MA0830.3",1,3941,50,9.8525,5.07485409794468,0.187345044876122,"TCF4",0.881469340777636
"MA0062.4","MA0062.4",1,3945,50,9.8625,5.06970849176172,0.187525331883297,"GABPA",0.881469340777636
"MA1607.2","MA1607.2",1,3972,50,9.93,5.03524672708963,0.188741746043651,"Foxl2",0.882468057299837
"MA1587.1","MA1587.1",1,4008,50,10.02,4.99001996007984,0.190362214055351,"ZNF135",0.885335376479651
"MA0474.4","MA0474.4",1,4069,50,10.1725,4.91521258294421,0.193104308857721,"Erg",0.893361513083879
"MA1709.2","MA1709.2",1,4134,50,10.335,4.83792936623125,0.196021094277357,"ZIM3",0.900155489502621
"MA1962.1","MA1962.1",1,4159,50,10.3975,4.80884828083674,0.197141528538214,"POU2F1::SOX2",0.900155489502621
"MA0146.3","MA0146.3",1,4181,50,10.4525,4.78354460655346,0.198126864421611,"Zfx",0.900155489502621
"MA0773.1","MA0773.1",1,4203,50,10.5075,4.75850582916964,0.199111595289882,"MEF2D",0.900155489502621
"MA0504.2","MA0504.2",1,4216,50,10.54,4.7438330170778,0.199693197329933,"NR2C2",0.900155489502621
"MA0593.2","MA0593.2",1,4269,50,10.6725,4.6849379245725,0.202062157803945,"FOXP2",0.906186921988101
"MA2328.1","MA2328.1",1,4347,50,10.8675,4.60087416609156,0.205542166054151,"ZBED4",0.911909287191135
"MA1652.2","MA1652.2",1,4378,50,10.945,4.56829602558246,0.206923134328358,"ZKSCAN5",0.911909287191135
"MA0522.4","MA0522.4",1,4414,50,11.035,4.53103760761214,0.208525331883297,"TCF3",0.911909287191135
"MA1558.2","MA1558.2",1,4414,50,11.035,4.53103760761214,0.208525331883297,"SNAI1",0.911909287191135
"MA1648.2","MA1648.2",1,4414,50,11.035,4.53103760761214,0.208525331883297,"TCF12",0.911909287191135
"MA0816.1","MA0816.1",1,4525,50,11.3125,4.41988950276243,0.213455242631065,"Ascl2",0.923179385955237
"MA0845.1","MA0845.1",1,4527,50,11.3175,4.41793682350342,0.213543928598215,"FOXB1",0.923179385955237
"MA2330.1","MA2330.1",1,4543,50,11.3575,4.40237728373322,0.214253236330908,"ZBTB24",0.923179385955237
"MA1618.2","MA1618.2",1,4688,50,11.72,4.26621160409556,0.220666746668667,"Ptf1A",0.946025022219758
"MA0039.5","MA0039.5",1,4733,50,11.8325,4.2256496936404,0.222651802545064,"KLF4",0.946025022219758
"MA0497.2","MA0497.2",1,4736,50,11.84,4.22297297297297,0.22278404960124,"MEF2C",0.946025022219758
"MA0032.2","MA0032.2",1,4886,50,12.215,4.09332787556283,0.229382058301457,"FOXC1",0.969359755995101
"MA1512.2","MA1512.2",1,4929,50,12.3225,4.05761817812944,0.231268300457511,"KLF11",0.972654718192117
"MA0065.3","MA0065.3",1,4960,50,12.4,4.03225806451613,0.232626715667892,"Pparg::Rxra",0.97370896700989
"MA0740.2","MA0740.2",1,5047,50,12.6175,3.96275014860313,0.236432625815646,"KLF14",0.976962846518346
"MA0517.2","MA0517.2",1,5049,50,12.6225,3.96118043176867,0.236520006750169,"STAT1::STAT2",0.976962846518346
"MA0052.5","MA0052.5",1,5054,50,12.635,3.95726157499011,0.23673843721093,"MEF2A",0.976962846518346
"MA0081.3","MA0081.3",1,5144,50,12.86,3.88802488335925,0.24066484162104,"SPIB",0.988525213948105
"MA0846.2","MA0846.2",1,5173,50,12.9325,3.866228494104,0.241927859446486,"FOXC2",0.989091109085866
"MA1712.2","MA1712.2",1,5215,50,13.0375,3.83509108341323,0.243755193879847,"ZNF454",0.991948219538822
"MA2125.1","MA2125.1",1,5324,50,13.31,3.75657400450789,0.248487274681867,"Zfp809",1
"MA0742.2","MA0742.2",1,5391,50,13.4775,3.70988684845112,0.251388614715368,"KLF12",1
"MA2341.1","MA2341.1",1,5401,50,13.5025,3.7030179596371,0.251821169279232,"FEZF2",1
"MA0747.2","MA0747.2",1,5470,50,13.675,3.6563071297989,0.25480238880972,"SP8",1
"MA1107.3","MA1107.3",1,5632,50,14.08,3.55113636363636,0.261778384459611,"KLF9",1
"MA0719.2","MA0719.2",1,5699,50,14.2475,3.50938761186173,0.264653928848221,"RHOXF1",1
"MA1627.2","MA1627.2",1,5892,50,14.73,3.39443312966735,0.272905850146254,"Wt1",1
"MA0080.7","MA0080.7",1,6102,50,15.255,3.27761389708292,0.281831729543239,"Spi1",1
"MA0050.4","MA0050.4",1,6135,50,15.3375,3.2599837000815,0.283229355733893,"Irf1",1
"MA0741.1","MA0741.1",1,6259,50,15.6475,3.19539862597859,0.288468874221855,"KLF16",1
"MA1976.2","MA1976.2",1,6305,50,15.7625,3.17208564631245,0.290407678941974,"ZNF320",1
"MA0914.2","MA0914.2",1,6471,50,16.1775,3.09071240921032,0.297382239555989,"ISL2",1
"MA1511.2","MA1511.2",1,6472,50,16.18,3.0902348578492,0.297424150603765,"KLF10",1
"MA0073.2","MA0073.2",1,6557,50,16.3925,3.05017538508464,0.30098202080052,"RREB1",1
"MA1981.2","MA1981.2",1,6657,50,16.6425,3.00435631665916,0.305156187654691,"ZNF530",1
"MA0516.3","MA0516.3",1,6843,50,17.1075,2.92269472453602,0.312886889672242,"SP2",1
"MA0685.2","MA0685.2",1,6971,50,17.4275,2.86902883373978,0.318181822045551,"SP4",1
"MA0079.5","MA0079.5",1,6976,50,17.44,2.86697247706422,0.318388239705993,"SP1",1
"MA2124.1","MA2124.1",1,7057,50,17.6425,2.83406546691229,0.321727851946299,"Hmga1",1
"MA1596.1","MA1596.1",1,7114,50,17.785,2.81135788585887,0.324073033075827,"ZNF460",1
"MA1628.2","MA1628.2",1,7253,50,18.1325,2.75747966358748,0.329774955623891,"Zic1::Zic2",1
"MA0697.3","MA0697.3",1,7253,50,18.1325,2.75747966358748,0.329774955623891,"Zic3",1
"MA1522.2","MA1522.2",1,7264,50,18.16,2.75330396475771,0.330225155628891,"MAZ",1
"MA1578.2","MA1578.2",1,7287,50,18.2175,2.74461369562234,0.331165994149854,"VEZF1",1
"MA0707.3","MA0707.3",1,7302,50,18.255,2.73897562311695,0.331779228230706,"MNX1",1
"MA0528.3","MA0528.3",1,7356,50,18.39,2.71886895051659,0.333984542113553,"ZNF263",1
"MA1125.2","MA1125.2",1,7704,50,19.26,2.59605399792316,0.348109127728193,"ZNF384",1
"MA1653.2","MA1653.2",1,8122,50,20.305,2.46244767298695,0.364874743118578,"ZNF148",1
"MA1535.2","MA1535.2",1,8177,50,20.4425,2.44588479882598,0.367064485362134,"NR2C1",1
"MA0599.1","MA0599.1",1,8182,50,20.455,2.4443901246639,0.367263365334133,"KLF5",1
"MA1961.2","MA1961.2",1,8194,50,20.485,2.44081034903588,0.367740549763744,"PATZ1",1
"MA1630.3","MA1630.3",1,8352,50,20.88,2.39463601532567,0.374006690167254,"ZNF281",1
"MA0259.2","MA0259.2",1,9345,50,23.3625,2.14018191546281,0.41267383559589,"ARNT::HIF1A",1
"MA0738.2","MA0738.2",1,9397,50,23.4925,2.12833883154198,0.414664737868447,"HIC2",1
"MA1964.2","MA1964.2",1,9475,50,23.6875,2.11081794195251,0.417644753618841,"SMAD2",1
"MA1723.2","MA1723.2",1,9529,50,23.8225,2.09885612341274,0.419703386334658,"PRDM9",1
"MA2337.1","MA2337.1",1,9869,50,24.6725,2.02654777586382,0.432581420785519,"Nr1h3",1
"MA1996.2","MA1996.2",1,9869,50,24.6725,2.02654777586382,0.432581420785519,"Nr1H2",1
"MA1110.3","MA1110.3",1,9869,50,24.6725,2.02654777586382,0.432581420785519,"Nr1H4",1
"MA1536.2","MA1536.2",1,9869,50,24.6725,2.02654777586382,0.432581420785519,"NR2C2.1",1
"MA0820.2","MA0820.2",1,10294,50,25.735,1.94287934719254,0.448475755643891,"FIGLA",1
"MA0103.4","MA0103.4",1,10294,50,25.735,1.94287934719254,0.448475755643891,"ZEB1",1
"MA0442.3","MA0442.3",1,10520,50,26.3,1.90114068441065,0.456835845896147,"SOX10",1
"MA0151.1","MA0151.1",1,11223,50,28.0575,1.78205470907957,0.482432715817895,"Arid3a",1
"MA0130.1","MA0130.1",1,11228,50,28.07,1.78126113288208,0.482612557813945,"ZNF354C",1
"MA0006.2","MA0006.2",1,11656,50,29.14,1.71585449553878,0.497891202280057,"Ahr::Arnt",1
"MA1635.2","MA1635.2",1,11784,50,29.46,1.69721656483367,0.502416035400885,"BHLHE22.1",1
"MA1993.2","MA1993.2",1,11784,50,29.46,1.69721656483367,0.502416035400885,"Neurod2",1
"MA1997.2","MA1997.2",1,11784,50,29.46,1.69721656483367,0.502416035400885,"Olig2",1
"MA0521.3","MA0521.3",1,11784,50,29.46,1.69721656483367,0.502416035400885,"Tcf12",1
"MA0633.3","MA0633.3",1,11784,50,29.46,1.69721656483367,0.502416035400885,"Twist2",1
"MA0624.3","MA0624.3",1,12535,50,31.3375,1.59553250897487,0.52855148878722,"Nfatc1",1
"MA0625.3","MA0625.3",1,12535,50,31.3375,1.59553250897487,0.52855148878722,"NFATC3",1
"MA1116.2","MA1116.2",1,12604,50,31.51,1.58679784195494,0.530917385434636,"RBPJ",1
"MA2326.1","MA2326.1",1,14358,50,35.895,1.39295166457724,0.589060650266257,"IKZF2",1
"MA1965.2","MA1965.2",1,16564,50,41.41,1.20743781695243,0.656727255681392,"SP5",1
"MA0498.3","MA0498.3",1,24094,50,60.235,0.830082178135635,0.841880465761644,"MEIS1",1
"MA0069.1","MA0069.1",0,1409,0,3.5225,0,1,"PAX6",1
"MA0071.1","MA0071.1",0,3114,0,7.785,0,1,"RORA",1
"MA0074.1","MA0074.1",0,1227,0,3.0675,0,1,"RXRA::VDR",1
"MA0101.1","MA0101.1",0,1792,0,4.48,0,1,"REL",1
"MA0107.1","MA0107.1",0,2015,0,5.0375,0,1,"RELA",1
"MA0111.1","MA0111.1",0,1723,0,4.3075,0,1,"Spz1",1
"MA0116.1","MA0116.1",0,1956,0,4.89,0,1,"Znf423",1
"MA0142.1","MA0142.1",0,4666,0,11.665,0,1,"Pou5f1::Sox2",1
"MA0149.1","MA0149.1",0,7891,0,19.7275,0,1,"EWSR1-FLI1",1
"MA0159.1","MA0159.1",0,2489,0,6.2225,0,1,"RARA::RXRA",1
"MA0163.1","MA0163.1",0,4072,0,10.18,0,1,"PLAG1",1
"MA0145.2","MA0145.2",0,3098,0,7.745,0,1,"Tfcp2l1",1
"MA0515.1","MA0515.1",0,3907,0,9.7675,0,1,"Sox6",1
"MA0595.1","MA0595.1",0,1865,0,4.6625,0,1,"SREBF1",1
"MA0596.1","MA0596.1",0,1929,0,4.8225,0,1,"SREBF2",1
"MA0604.1","MA0604.1",0,377,0,0.9425,0,1,"Atf1",1
"MA0608.1","MA0608.1",0,1133,0,2.8325,0,1,"Creb3l2",1
"MA0614.1","MA0614.1",0,2478,0,6.195,0,1,"Foxj2",1
"MA0636.1","MA0636.1",0,662,0,1.655,0,1,"BHLHE41",1
"MA0153.2","MA0153.2",0,2743,0,6.8575,0,1,"HNF1B",1
"MA0486.2","MA0486.2",0,1609,0,4.0225,0,1,"HSF1",1
"MA0655.1","MA0655.1",0,1664,0,4.16,0,1,"JDP2",1
"MA0663.1","MA0663.1",0,876,0,2.19,0,1,"MLX",1
"MA0669.1","MA0669.1",0,2013,0,5.0325,0,1,"NEUROG2",1
"MA0676.1","MA0676.1",0,2369,0,5.9225,0,1,"Nr2e1",1
"MA0678.1","MA0678.1",0,1176,0,2.94,0,1,"OLIG2",1
"MA0068.2","MA0068.2",0,1308,0,3.27,0,1,"PAX4",1
"MA0083.3","MA0083.3",0,876,0,2.19,0,1,"SRF",1
"MA0009.2","MA0009.2",0,727,0,1.8175,0,1,"TBXT",1
"MA0689.1","MA0689.1",0,1985,0,4.9625,0,1,"TBX20",1
"MA0713.1","MA0713.1",0,4557,0,11.3925,0,1,"PHOX2A",1
"MA0715.1","MA0715.1",0,5020,0,12.55,0,1,"PROP1",1
"MA0724.1","MA0724.1",0,1156,0,2.89,0,1,"VENTX",1
"MA0730.1","MA0730.1",0,2310,0,5.775,0,1,"RARA.1",1
"MA0731.1","MA0731.1",0,2027,0,5.0675,0,1,"BCL6B",1
"MA0472.2","MA0472.2",0,1717,0,4.2925,0,1,"EGR2",1
"MA0737.1","MA0737.1",0,1257,0,3.1425,0,1,"GLIS3",1
"MA0088.2","MA0088.2",0,2188,0,5.47,0,1,"ZNF143",1
"MA0758.1","MA0758.1",0,1117,0,2.7925,0,1,"E2F7",1
"MA0770.1","MA0770.1",0,1822,0,4.555,0,1,"HSF2",1
"MA0771.1","MA0771.1",0,1629,0,4.0725,0,1,"HSF4",1
"MA0774.1","MA0774.1",0,2182,0,5.455,0,1,"MEIS2",1
"MA0776.1","MA0776.1",0,311,0,0.7775,0,1,"MYBL1",1
"MA0777.1","MA0777.1",0,336,0,0.84,0,1,"MYBL2",1
"MA0105.4","MA0105.4",0,1189,0,2.9725,0,1,"NFKB1",1
"MA0780.1","MA0780.1",0,1620,0,4.05,0,1,"PAX3",1
"MA0783.1","MA0783.1",0,2787,0,6.9675,0,1,"PKNOX2",1
"MA0787.1","MA0787.1",0,4649,0,11.6225,0,1,"POU3F2",1
"MA0788.1","MA0788.1",0,5326,0,13.315,0,1,"POU3F3",1
"MA0789.1","MA0789.1",0,3206,0,8.015,0,1,"POU3F4",1
"MA0792.1","MA0792.1",0,3434,0,8.585,0,1,"POU5F1B",1
"MA0794.1","MA0794.1",0,688,0,1.72,0,1,"PROX1",1
"MA0795.1","MA0795.1",0,517,0,1.2925,0,1,"SMAD3",1
"MA0796.1","MA0796.1",0,2191,0,5.4775,0,1,"TGIF1",1
"MA0797.1","MA0797.1",0,2111,0,5.2775,0,1,"TGIF2",1
"MA0511.2","MA0511.2",0,877,0,2.1925,0,1,"RUNX2",1
"MA0801.1","MA0801.1",0,1703,0,4.2575,0,1,"MGA",1
"MA0803.1","MA0803.1",0,1703,0,4.2575,0,1,"TBX15",1
"MA0805.1","MA0805.1",0,1986,0,4.965,0,1,"TBX1",1
"MA0806.1","MA0806.1",0,1479,0,3.6975,0,1,"TBX4",1
"MA0807.1","MA0807.1",0,1479,0,3.6975,0,1,"TBX5",1
"MA0808.1","MA0808.1",0,2136,0,5.34,0,1,"TEAD3",1
"MA0826.1","MA0826.1",0,1134,0,2.835,0,1,"OLIG1",1
"MA0827.1","MA0827.1",0,1382,0,3.455,0,1,"OLIG3",1
"MA0838.1","MA0838.1",0,563,0,1.4075,0,1,"CEBPG",1
"MA0858.1","MA0858.1",0,2014,0,5.035,0,1,"Rarb.1",1
"MA0525.2","MA0525.2",0,737,0,1.8425,0,1,"TP63",1
"MA0106.3","MA0106.3",0,933,0,2.3325,0,1,"TP53",1
"MA0862.1","MA0862.1",0,227,0,0.5675,0,1,"GMEB2",1
"MA0863.1","MA0863.1",0,1157,0,2.8925,0,1,"MTF1",1
"MA0024.3","MA0024.3",0,375,0,0.9375,0,1,"E2F1",1
"MA0866.1","MA0866.1",0,2393,0,5.9825,0,1,"SOX21",1
"MA0870.1","MA0870.1",0,1749,0,4.3725,0,1,"Sox1",1
"MA1124.1","MA1124.1",0,3887,0,9.7175,0,1,"ZNF24",1
"MA1155.1","MA1155.1",0,3276,0,8.19,0,1,"ZSCAN4",1
"MA1127.1","MA1127.1",0,1248,0,3.12,0,1,"FOSB::JUN",1
"MA1129.1","MA1129.1",0,767,0,1.9175,0,1,"FOSL1::JUN",1
"MA1136.1","MA1136.1",0,1048,0,2.62,0,1,"FOSB::JUNB",1
"MA1421.1","MA1421.1",0,3172,0,7.93,0,1,"TCF7L1",1
"MA1468.1","MA1468.1",0,2305,0,5.7625,0,1,"ATOH7",1
"MA1485.1","MA1485.1",0,2832,0,7.08,0,1,"FERD3L",1
"MA1489.1","MA1489.1",0,1369,0,3.4225,0,1,"FOXN3",1
"MA1493.1","MA1493.1",0,1002,0,2.505,0,1,"HES6",1
"MA1509.1","MA1509.1",0,396,0,0.99,0,1,"IRF6",1
"MA1538.1","MA1538.1",0,1283,0,3.2075,0,1,"NR2F1",1
"MA1539.1","MA1539.1",0,1177,0,2.9425,0,1,"NR2F6",1
"MA1555.1","MA1555.1",0,985,0,2.4625,0,1,"RXRB.1",1
"MA1556.1","MA1556.1",0,1262,0,3.155,0,1,"RXRG.1",1
"MA1557.1","MA1557.1",0,405,0,1.0125,0,1,"SMAD5",1
"MA1570.1","MA1570.1",0,1572,0,3.93,0,1,"TFAP4.1",1
"MA1571.1","MA1571.1",0,1471,0,3.6775,0,1,"TGIF2LX",1
"MA1572.1","MA1572.1",0,1368,0,3.42,0,1,"TGIF2LY",1
"MA1588.1","MA1588.1",0,2059,0,5.1475,0,1,"ZNF136",1
"MA1594.1","MA1594.1",0,1869,0,4.6725,0,1,"ZNF382",1
"MA1597.1","MA1597.1",0,3009,0,7.5225,0,1,"ZNF528",1
"MA0158.2","MA0158.2",0,1498,0,3.745,0,1,"HOXA5",1
"MA0912.2","MA0912.2",0,2046,0,5.115,0,1,"HOXD3",1
"MA0623.2","MA0623.2",0,1162,0,2.905,0,1,"NEUROG1",1
"MA2093.1","MA2093.1",0,2098,0,5.245,0,1,"HOXB1",1
"MA2094.1","MA2094.1",0,709,0,1.7725,0,1,"PAX8",1
"MA2095.1","MA2095.1",0,2576,0,6.44,0,1,"Sox7",1
"MA2096.1","MA2096.1",0,660,0,1.65,0,1,"ZNF524",1
"MA1715.1","MA1715.1",0,3327,0,8.3175,0,1,"ZNF707",1
"MA2097.1","MA2097.1",0,2886,0,7.215,0,1,"ZNF75A",1
"MA2099.1","MA2099.1",0,2449,0,6.1225,0,1,"ZNF770",1
"MA1718.1","MA1718.1",0,1739,0,4.3475,0,1,"ZNF8",1
"MA2100.1","MA2100.1",0,1930,0,4.825,0,1,"ZSCAN16",1
"MA1684.1","MA1684.1",0,4901,0,12.2525,0,1,"Foxn1",1
"MA2102.1","MA2102.1",0,159,0,0.3975,0,1,"ZBTB17",1
"MA1957.1","MA1957.1",0,1058,0,2.645,0,1,"HOXB2::ELK1",1
"MA1972.1","MA1972.1",0,5702,0,14.255,0,1,"ZFP14",1
"MA1980.1","MA1980.1",0,3740,0,9.35,0,1,"ZNF418",1
"MA1985.1","MA1985.1",0,1157,0,2.8925,0,1,"ZNF669",1
"MA2119.1","MA2119.1",0,2098,0,5.245,0,1,"HOXA3",1
"MA2120.1","MA2120.1",0,3219,0,8.0475,0,1,"ZNF184",1
"MA2121.1","MA2121.1",0,6477,0,16.1925,0,1,"ZNF213",1
"MA2123.1","MA2123.1",0,2813,0,7.0325,0,1,"Hand1",1
"MA2126.1","MA2126.1",0,1608,0,4.02,0,1,"Zfp961",1
"MA0509.3","MA0509.3",0,1577,0,3.9425,0,1,"RFX1",1
"MA0607.2","MA0607.2",0,1305,0,3.2625,0,1,"BHLHA15",1
"MA0798.3","MA0798.3",0,1607,0,4.0175,0,1,"RFX3",1
"MA0818.2","MA0818.2",0,1005,0,2.5125,0,1,"BHLHE22",1
"MA0878.3","MA0878.3",0,2406,0,6.015,0,1,"CDX1",1
"MA0884.2","MA0884.2",0,1927,0,4.8175,0,1,"DUXA",1
"MA1547.2","MA1547.2",0,3439,0,8.5975,0,1,"PITX2",1
"MA1563.2","MA1563.2",0,2210,0,5.525,0,1,"SOX18",1
"MA1573.2","MA1573.2",0,2358,0,5.895,0,1,"Thap11",1
"MA1601.2","MA1601.2",0,2698,0,6.745,0,1,"ZNF75D",1
"MA1633.2","MA1633.2",0,1859,0,4.6475,0,1,"BACH1",1
"MA2323.1","MA2323.1",0,2303,0,5.7575,0,1,"Pgr",1
"MA2324.1","MA2324.1",0,2569,0,6.4225,0,1,"BCL11A",1
"MA2325.1","MA2325.1",0,426,0,1.065,0,1,"EPAS1",1
"MA2327.1","MA2327.1",0,1632,0,4.08,0,1,"PGR",1
"MA2329.1","MA2329.1",0,1658,0,4.145,0,1,"ZBTB11",1
"MA2331.1","MA2331.1",0,1502,0,3.755,0,1,"ZNF157",1
"MA2333.1","MA2333.1",0,1995,0,4.9875,0,1,"ZNF35",1
"MA2335.1","MA2335.1",0,5907,0,14.7675,0,1,"ZNF558",1
"MA2336.1","MA2336.1",0,2809,0,7.0225,0,1,"ZSCAN21",1
"MA2339.1","MA2339.1",0,1513,0,3.7825,0,1,"Nanog",1
"MA2340.1","MA2340.1",0,1392,0,3.48,0,1,"Zbtb2",1
"MA0619.2","MA0619.2",0,2838,0,7.095,0,1,"LIN54",1
"MA0854.2","MA0854.2",0,2769,0,6.9225,0,1,"Alx1",1
"MA0634.2","MA0634.2",0,5387,0,13.4675,0,1,"ALX3",1
"MA0853.2","MA0853.2",0,2073,0,5.1825,0,1,"Alx4",1
"MA0690.3","MA0690.3",0,1582,0,3.955,0,1,"TBX21",1
"MA0007.4","MA0007.4",0,973,0,2.4325,0,1,"Ar",1
"MA1463.2","MA1463.2",0,2769,0,6.9225,0,1,"ARGFX",1
"MA0601.2","MA0601.2",0,4323,0,10.8075,0,1,"Arid3b",1
"MA0602.2","MA0602.2",0,2448,0,6.12,0,1,"Arid5a",1
"MA1464.2","MA1464.2",0,821,0,2.0525,0,1,"ARNT2",1
"MA0603.2","MA0603.2",0,1141,0,2.8525,0,1,"Arntl",1
"MA0874.2","MA0874.2",0,2454,0,6.135,0,1,"Arx",1
"MA1100.3","MA1100.3",0,3467,0,8.6675,0,1,"ASCL1",1
"MA1632.2","MA1632.2",0,2731,0,6.8275,0,1,"ATF2",1
"MA0605.3","MA0605.3",0,1224,0,3.06,0,1,"ATF3",1
"MA0833.3","MA0833.3",0,2175,0,5.4375,0,1,"ATF4",1
"MA1466.2","MA1466.2",0,753,0,1.8825,0,1,"ATF6",1
"MA0834.2","MA0834.2",0,940,0,2.35,0,1,"ATF7",1
"MA0461.3","MA0461.3",0,1324,0,3.31,0,1,"Atoh1",1
"MA1467.3","MA1467.3",0,5653,0,14.1325,0,1,"Atoh1.1",1
"MA0591.2","MA0591.2",0,2312,0,5.78,0,1,"Bach1::Mafk",1
"MA1101.3","MA1101.3",0,1314,0,3.285,0,1,"BACH2",1
"MA1470.2","MA1470.2",0,886,0,2.215,0,1,"BACH2.1",1
"MA0877.4","MA0877.4",0,1659,0,4.1475,0,1,"BARHL1",1
"MA0635.2","MA0635.2",0,1659,0,4.1475,0,1,"BARHL2",1
"MA0875.2","MA0875.2",0,6946,0,17.365,0,1,"BARX1",1
"MA1471.2","MA1471.2",0,2822,0,7.055,0,1,"BARX2",1
"MA0488.2","MA0488.2",0,2503,0,6.2575,0,1,"JUN",1
"MA1989.2","MA1989.2",0,2321,0,5.8025,0,1,"Bcl11B",1
"MA0463.3","MA0463.3",0,1688,0,4.22,0,1,"BCL6",1
"MA0817.2","MA0817.2",0,1206,0,3.015,0,1,"BHLHE23",1
"MA0464.3","MA0464.3",0,604,0,1.51,0,1,"BHLHE40",1
"MA0876.2","MA0876.2",0,6946,0,17.365,0,1,"BSX",1
"MA0465.3","MA0465.3",0,2367,0,5.9175,0,1,"CDX2",1
"MA1473.2","MA1473.2",0,2435,0,6.0875,0,1,"CDX4",1
"MA0102.5","MA0102.5",0,2038,0,5.095,0,1,"CEBPA",1
"MA0466.4","MA0466.4",0,264,0,0.66,0,1,"CEBPB",1
"MA0836.3","MA0836.3",0,1704,0,4.26,0,1,"CEBPD",1
"MA0837.3","MA0837.3",0,356,0,0.89,0,1,"CEBPE",1
"MA1636.2","MA1636.2",0,2352,0,5.88,0,1,"CEBPG.1",1
"MA0819.3","MA0819.3",0,1194,0,2.985,0,1,"CLOCK",1
"MA0638.2","MA0638.2",0,768,0,1.92,0,1,"CREB3",1
"MA0839.2","MA0839.2",0,961,0,2.4025,0,1,"CREB3L1",1
"MA1474.2","MA1474.2",0,985,0,2.4625,0,1,"CREB3L4",1
"MA1475.2","MA1475.2",0,636,0,1.59,0,1,"CREB3L4.1",1
"MA0840.2","MA0840.2",0,1164,0,2.91,0,1,"Creb5",1
"MA0609.3","MA0609.3",0,1011,0,2.5275,0,1,"CREM",1
"MA1929.2","MA1929.2",0,5531,0,13.8275,0,1,"CTCF.1",1
"MA1102.3","MA1102.3",0,4289,0,10.7225,0,1,"CTCFL",1
"MA0754.3","MA0754.3",0,854,0,2.135,0,1,"CUX1",1
"MA0650.4","MA0650.4",0,2241,0,5.6025,0,1,"Hoxa13",1
"MA0901.3","MA0901.3",0,4245,0,10.6125,0,1,"HOXB13",1
"MA0755.2","MA0755.2",0,498,0,1.245,0,1,"CUX2",1
"MA0639.2","MA0639.2",0,783,0,1.9575,0,1,"DBP",1
"MA0879.3","MA0879.3",0,6946,0,17.365,0,1,"DLX1",1
"MA0885.3","MA0885.3",0,2140,0,5.35,0,1,"Dlx2",1
"MA0880.2","MA0880.2",0,6946,0,17.365,0,1,"Dlx3",1
"MA0881.2","MA0881.2",0,6946,0,17.365,0,1,"Dlx4",1
"MA1476.3","MA1476.3",0,2140,0,5.35,0,1,"Dlx5",1
"MA0882.2","MA0882.2",0,6946,0,17.365,0,1,"DLX6",1
"MA1603.2","MA1603.2",0,2057,0,5.1425,0,1,"Dmrt1",1
"MA0610.2","MA0610.2",0,1347,0,3.3675,0,1,"DMRT3",1
"MA1478.2","MA1478.2",0,4703,0,11.7575,0,1,"DMRTA2",1
"MA1480.2","MA1480.2",0,2111,0,5.2775,0,1,"DPRX",1
"MA1481.2","MA1481.2",0,5387,0,13.4675,0,1,"DRGX",1
"MA0611.3","MA0611.3",0,2710,0,6.775,0,1,"Dux",1
"MA0864.3","MA0864.3",0,438,0,1.095,0,1,"E2F2",1
"MA0469.4","MA0469.4",0,192,0,0.48,0,1,"E2F3",1
"MA0756.3","MA0756.3",0,362,0,0.905,0,1,"ONECUT2",1
"MA0470.3","MA0470.3",0,395,0,0.9875,0,1,"E2F4",1
"MA0154.5","MA0154.5",0,3738,0,9.345,0,1,"EBF1",1
"MA1604.2","MA1604.2",0,3397,0,8.4925,0,1,"Ebf2",1
"MA1637.2","MA1637.2",0,3271,0,8.1775,0,1,"EBF3",1
"MA0162.5","MA0162.5",0,3034,0,7.585,0,1,"EGR1",1
"MA0732.2","MA0732.2",0,2291,0,5.7275,0,1,"EGR3",1
"MA0733.2","MA0733.2",0,2963,0,7.4075,0,1,"EGR4",1
"MA1483.3","MA1483.3",0,1375,0,3.4375,0,1,"ELF2",1
"MA0028.3","MA0028.3",0,1163,0,2.9075,0,1,"ELK1",1
"MA0800.2","MA0800.2",0,1720,0,4.3,0,1,"EOMES",1
"MA1708.2","MA1708.2",0,1501,0,3.7525,0,1,"ETV7",1
"MA1495.2","MA1495.2",0,5387,0,13.4675,0,1,"HOXA1",1
"MA0779.2","MA0779.2",0,831,0,2.0775,0,1,"PAX1",1
"MA0781.2","MA0781.2",0,841,0,2.1025,0,1,"PAX9",1
"MA0828.3","MA0828.3",0,670,0,1.675,0,1,"SREBF2.1",1
"MA0843.2","MA0843.2",0,1003,0,2.5075,0,1,"TEF",1
"MA0759.3","MA0759.3",0,1202,0,3.005,0,1,"ELK3",1
"MA0076.3","MA0076.3",0,1746,0,4.365,0,1,"ELK4",1
"MA0612.3","MA0612.3",0,5387,0,13.4675,0,1,"EMX1",1
"MA0886.2","MA0886.2",0,5387,0,13.4675,0,1,"EMX2",1
"MA0027.3","MA0027.3",0,6946,0,17.365,0,1,"EN1",1
"MA0642.3","MA0642.3",0,2019,0,5.0475,0,1,"EN2",1
"MA1934.2","MA1934.2",0,2385,0,5.9625,0,1,"ERF::FIGLA",1
"MA1936.2","MA1936.2",0,2975,0,7.4375,0,1,"ERF::FOXO1",1
"MA1937.2","MA1937.2",0,1232,0,3.08,0,1,"ERF::HOXB13",1
"MA1938.2","MA1938.2",0,3009,0,7.5225,0,1,"ERF::NHLH1",1
"MA1939.2","MA1939.2",0,909,0,2.2725,0,1,"ERF::SREBF2",1
"MA0112.4","MA0112.4",0,1257,0,3.1425,0,1,"ESR1",1
"MA0141.4","MA0141.4",0,2481,0,6.2025,0,1,"ESRRB",1
"MA0644.3","MA0644.3",0,2348,0,5.87,0,1,"ESX1",1
"MA1484.2","MA1484.2",0,1070,0,2.675,0,1,"ETS2",1
"MA0762.2","MA0762.2",0,952,0,2.38,0,1,"ETV2",1
"MA1940.2","MA1940.2",0,1285,0,3.2125,0,1,"ETV2::DRGX",1
"MA1941.2","MA1941.2",0,2685,0,6.7125,0,1,"ETV2::FIGLA",1
"MA0763.2","MA0763.2",0,902,0,2.255,0,1,"ETV3",1
"MA0764.4","MA0764.4",0,1217,0,3.0425,0,1,"ETV4",1
"MA0765.4","MA0765.4",0,1212,0,3.03,0,1,"ETV5",1
"MA1944.2","MA1944.2",0,1619,0,4.0475,0,1,"ETV5::DRGX",1
"MA1945.2","MA1945.2",0,3444,0,8.61,0,1,"ETV5::FIGLA",1
"MA1946.2","MA1946.2",0,2547,0,6.3675,0,1,"ETV5::FOXI1",1
"MA1947.2","MA1947.2",0,2968,0,7.42,0,1,"ETV5::FOXO1",1
"MA1948.2","MA1948.2",0,1177,0,2.9425,0,1,"ETV5::HOXA2",1
"MA0900.3","MA0900.3",0,5387,0,13.4675,0,1,"HOXA2",1
"MA0887.2","MA0887.2",0,5387,0,13.4675,0,1,"EVX1",1
"MA0888.2","MA0888.2",0,5387,0,13.4675,0,1,"EVX2",1
"MA0156.4","MA0156.4",0,1134,0,2.835,0,1,"FEV",1
"MA0475.3","MA0475.3",0,854,0,2.135,0,1,"FLI1",1
"MA0476.2","MA0476.2",0,1576,0,3.94,0,1,"FOS",1
"MA1951.2","MA1951.2",0,1066,0,2.665,0,1,"FOS.1",1
"MA0099.4","MA0099.4",0,1829,0,4.5725,0,1,"FOS::JUN",1
"MA1126.2","MA1126.2",0,1159,0,2.8975,0,1,"FOS::JUN.1",1
"MA1134.2","MA1134.2",0,1662,0,4.155,0,1,"FOS::JUNB",1
"MA1140.3","MA1140.3",0,908,0,2.27,0,1,"JUNB",1
"MA0490.3","MA0490.3",0,1924,0,4.81,0,1,"JUNB.1",1
"MA1141.2","MA1141.2",0,2175,0,5.4375,0,1,"FOS::JUND",1
"MA0492.2","MA0492.2",0,2454,0,6.135,0,1,"JUND",1
"MA0491.3","MA0491.3",0,1709,0,4.2725,0,1,"JUND.1",1
"MA1135.2","MA1135.2",0,1559,0,3.8975,0,1,"FOSB::JUNB.1",1
"MA0477.3","MA0477.3",0,2018,0,5.045,0,1,"FOSL1",1
"MA1128.2","MA1128.2",0,1898,0,4.745,0,1,"FOSL1::JUN.1",1
"MA1137.2","MA1137.2",0,1814,0,4.535,0,1,"FOSL1::JUNB",1
"MA1142.2","MA1142.2",0,1772,0,4.43,0,1,"FOSL1::JUND",1
"MA1143.2","MA1143.2",0,869,0,2.1725,0,1,"FOSL1::JUND.1",1
"MA0478.2","MA0478.2",0,1954,0,4.885,0,1,"FOSL2",1
"MA1130.2","MA1130.2",0,1832,0,4.58,0,1,"FOSL2::JUN",1
"MA1131.2","MA1131.2",0,1598,0,3.995,0,1,"FOSL2::JUN.1",1
"MA1138.2","MA1138.2",0,1710,0,4.275,0,1,"FOSL2::JUNB",1
"MA1139.2","MA1139.2",0,967,0,2.4175,0,1,"FOSL2::JUNB.1",1
"MA1144.2","MA1144.2",0,1590,0,3.975,0,1,"FOSL2::JUND",1
"MA1145.2","MA1145.2",0,1276,0,3.19,0,1,"FOSL2::JUND.1",1
"MA0847.4","MA0847.4",0,4989,0,12.4725,0,1,"FOXD2",1
"MA0041.3","MA0041.3",0,6290,0,15.725,0,1,"FOXD3",1
"MA1487.3","MA1487.3",0,5329,0,13.3225,0,1,"FOXE1",1
"MA0030.2","MA0030.2",0,2339,0,5.8475,0,1,"FOXF2",1
"MA0479.2","MA0479.2",0,3646,0,9.115,0,1,"FOXH1",1
"MA1953.2","MA1953.2",0,3281,0,8.2025,0,1,"FOXO1::ELF1",1
"MA1956.2","MA1956.2",0,2783,0,6.9575,0,1,"FOXO1::FLI1",1
"MA0040.2","MA0040.2",0,3602,0,9.005,0,1,"Foxq1",1
"MA0035.5","MA0035.5",0,2142,0,5.355,0,1,"GATA1",1
"MA0140.3","MA0140.3",0,1955,0,4.8875,0,1,"GATA1::TAL1",1
"MA0036.4","MA0036.4",0,1947,0,4.8675,0,1,"GATA2",1
"MA0037.5","MA0037.5",0,1980,0,4.95,0,1,"Gata3",1
"MA0482.3","MA0482.3",0,1937,0,4.8425,0,1,"GATA4",1
"MA0766.3","MA0766.3",0,941,0,2.3525,0,1,"GATA5",1
"MA1104.3","MA1104.3",0,1980,0,4.95,0,1,"GATA6",1
"MA0889.2","MA0889.2",0,2019,0,5.0475,0,1,"GBX1",1
"MA0890.2","MA0890.2",0,6946,0,17.365,0,1,"GBX2",1
"MA0646.2","MA0646.2",0,806,0,2.015,0,1,"GCM1",1
"MA0143.5","MA0143.5",0,1905,0,4.7625,0,1,"SOX2",1
"MA0767.2","MA0767.2",0,389,0,0.9725,0,1,"GCM2",1
"MA1990.2","MA1990.2",0,2026,0,5.065,0,1,"Gli1",1
"MA0734.4","MA0734.4",0,1858,0,4.645,0,1,"Gli2",1
"MA0735.2","MA0735.2",0,785,0,1.9625,0,1,"GLIS1",1
"MA0615.2","MA0615.2",0,525,0,1.3125,0,1,"Gmeb1",1
"MA0647.2","MA0647.2",0,710,0,1.775,0,1,"GRHL1",1
"MA0892.2","MA0892.2",0,5387,0,13.4675,0,1,"GSX1",1
"MA0893.3","MA0893.3",0,2098,0,5.245,0,1,"GSX2",1
"MA0092.2","MA0092.2",0,2132,0,5.33,0,1,"Hand1::Tcf3",1
"MA1638.2","MA1638.2",0,13386,0,33.465,0,1,"HAND2",1
"MA0894.2","MA0894.2",0,6946,0,17.365,0,1,"HESX1",1
"MA0739.2","MA0739.2",0,1636,0,4.09,0,1,"Hic1",1
"MA0131.3","MA0131.3",0,698,0,1.745,0,1,"HINFP",1
"MA0043.4","MA0043.4",0,1913,0,4.7825,0,1,"HLF",1
"MA0895.2","MA0895.2",0,1446,0,3.615,0,1,"HMBOX1",1
"MA1991.2","MA1991.2",0,2910,0,7.275,0,1,"Hnf1A",1
"MA0046.3","MA0046.3",0,3328,0,8.32,0,1,"HNF1A",1
"MA0114.5","MA0114.5",0,2193,0,5.4825,0,1,"HNF4A.1",1
"MA0484.3","MA0484.3",0,2193,0,5.4825,0,1,"HNF4G",1
"MA0899.2","MA0899.2",0,3320,0,8.3,0,1,"HOXA10",1
"MA0911.2","MA0911.2",0,989,0,2.4725,0,1,"Hoxa11",1
"MA1496.2","MA1496.2",0,1832,0,4.58,0,1,"HOXA4",1
"MA1497.2","MA1497.2",0,2098,0,5.245,0,1,"HOXA6",1
"MA1498.3","MA1498.3",0,6946,0,17.365,0,1,"HOXA7",1
"MA0594.3","MA0594.3",0,211,0,0.5275,0,1,"HOXA9",1
"MA0902.3","MA0902.3",0,5387,0,13.4675,0,1,"HOXB2",1
"MA1566.3","MA1566.3",0,1544,0,3.86,0,1,"TBX3",1
"MA0903.2","MA0903.2",0,5387,0,13.4675,0,1,"HOXB3",1
"MA1499.2","MA1499.2",0,8353,0,20.8825,0,1,"HOXB4",1
"MA0904.3","MA0904.3",0,5387,0,13.4675,0,1,"HOXB5",1
"MA1500.2","MA1500.2",0,2019,0,5.0475,0,1,"HOXB6",1
"MA1501.2","MA1501.2",0,2098,0,5.245,0,1,"HOXB7",1
"MA1502.2","MA1502.2",0,2019,0,5.0475,0,1,"HOXB8",1
"MA1503.2","MA1503.2",0,1158,0,2.895,0,1,"HOXB9",1
"MA0905.2","MA0905.2",0,1434,0,3.585,0,1,"HOXC10",1
"MA0651.3","MA0651.3",0,723,0,1.8075,0,1,"HOXC11",1
"MA0906.2","MA0906.2",0,888,0,2.22,0,1,"HOXC12",1
"MA0907.2","MA0907.2",0,1480,0,3.7,0,1,"HOXC13",1
"MA1504.2","MA1504.2",0,8353,0,20.8825,0,1,"HOXC4",1
"MA1505.2","MA1505.2",0,5387,0,13.4675,0,1,"HOXC8",1
"MA0485.3","MA0485.3",0,1158,0,2.895,0,1,"HOXC9",1
"MA1506.2","MA1506.2",0,1048,0,2.62,0,1,"HOXD10",1
"MA0908.2","MA0908.2",0,1027,0,2.5675,0,1,"HOXD11",1
"MA0873.2","MA0873.2",0,790,0,1.975,0,1,"HOXD12",1
"MA1958.2","MA1958.2",0,1277,0,3.1925,0,1,"HOXD12::ELK1",1
"MA0909.4","MA0909.4",0,2806,0,7.015,0,1,"Hoxd13",1
"MA1507.2","MA1507.2",0,8353,0,20.8825,0,1,"HOXD4",1
"MA0910.3","MA0910.3",0,2019,0,5.0475,0,1,"HOXD8",1
"MA0913.3","MA0913.3",0,2852,0,7.13,0,1,"HOXD9",1
"MA1419.2","MA1419.2",0,1247,0,3.1175,0,1,"IRF4",1
"MA0652.2","MA0652.2",0,1524,0,3.81,0,1,"IRF8",1
"MA1608.2","MA1608.2",0,1688,0,4.22,0,1,"Isl1",1
"MA0654.2","MA0654.2",0,6946,0,17.365,0,1,"ISX",1
"MA0656.2","MA0656.2",0,1264,0,3.16,0,1,"JDP2.1",1
"MA1132.2","MA1132.2",0,1484,0,3.71,0,1,"JUN::JUNB",1
"MA1133.2","MA1133.2",0,1024,0,2.56,0,1,"JUN::JUNB.1",1
"MA0493.3","MA0493.3",0,4342,0,10.855,0,1,"KLF1",1
"MA0657.2","MA0657.2",0,1848,0,4.62,0,1,"KLF13",1
"MA1513.2","MA1513.2",0,5326,0,13.315,0,1,"KLF15",1
"MA1514.2","MA1514.2",0,4147,0,10.3675,0,1,"KLF17",1
"MA1517.2","MA1517.2",0,2930,0,7.325,0,1,"KLF6",1
"MA1959.2","MA1959.2",0,4342,0,10.855,0,1,"KLF7",1
"MA0618.2","MA0618.2",0,2348,0,5.87,0,1,"LBX1",1
"MA0699.2","MA0699.2",0,6946,0,17.365,0,1,"LBX2",1
"MA0768.3","MA0768.3",0,2361,0,5.9025,0,1,"Lef1",1
"MA1518.3","MA1518.3",0,1453,0,3.6325,0,1,"Lhx1",1
"MA0700.3","MA0700.3",0,6946,0,17.365,0,1,"LHX2",1
"MA0135.2","MA0135.2",0,5403,0,13.5075,0,1,"Lhx3",1
"MA0704.2","MA0704.2",0,5387,0,13.4675,0,1,"Lhx4",1
"MA1519.2","MA1519.2",0,2098,0,5.245,0,1,"LHX5",1
"MA0658.2","MA0658.2",0,1749,0,4.3725,0,1,"LHX6",1
"MA0705.2","MA0705.2",0,5387,0,13.4675,0,1,"Lhx8",1
"MA0701.3","MA0701.3",0,2348,0,5.87,0,1,"LHX9",1
"MA0702.3","MA0702.3",0,3138,0,7.845,0,1,"LMX1A",1
"MA0703.3","MA0703.3",0,3129,0,7.8225,0,1,"LMX1B",1
"MA1520.2","MA1520.2",0,1569,0,3.9225,0,1,"MAF",1
"MA0501.2","MA0501.2",0,2481,0,6.2025,0,1,"MAF::NFE2",1
"MA0841.2","MA0841.2",0,1454,0,3.635,0,1,"NFE2",1
"MA1521.2","MA1521.2",0,1559,0,3.8975,0,1,"MAFA",1
"MA0117.3","MA0117.3",0,2284,0,5.71,0,1,"Mafb",1
"MA0495.4","MA0495.4",0,2883,0,7.2075,0,1,"MAFF",1
"MA0029.2","MA0029.2",0,2568,0,6.42,0,1,"Mecom",1
"MA1639.2","MA1639.2",0,2436,0,6.09,0,1,"MEIS1.1",1
"MA1640.2","MA1640.2",0,3076,0,7.69,0,1,"MEIS2.1",1
"MA0775.2","MA0775.2",0,2432,0,6.08,0,1,"MEIS3",1
"MA0661.2","MA0661.2",0,2348,0,5.87,0,1,"MEOX1",1
"MA0706.2","MA0706.2",0,3749,0,9.3725,0,1,"MEOX2",1
"MA1960.2","MA1960.2",0,1985,0,4.9625,0,1,"MGA::EVX1",1
"MA0620.4","MA0620.4",0,1042,0,2.605,0,1,"MITF",1
"MA0621.2","MA0621.2",0,4415,0,11.0375,0,1,"mix-a",1
"MA0662.2","MA0662.2",0,5387,0,13.4675,0,1,"MIXL1",1
"MA0664.2","MA0664.2",0,1214,0,3.035,0,1,"MLXIPL",1
"MA1523.2","MA1523.2",0,3322,0,8.305,0,1,"MSANTD3",1
"MA1524.3","MA1524.3",0,3361,0,8.4025,0,1,"Msgn1",1
"MA0666.3","MA0666.3",0,6946,0,17.365,0,1,"MSX1",1
"MA0708.3","MA0708.3",0,6946,0,17.365,0,1,"MSX2",1
"MA0709.2","MA0709.2",0,6946,0,17.365,0,1,"Msx3",1
"MA1108.3","MA1108.3",0,9327,0,23.3175,0,1,"MXI1",1
"MA0100.4","MA0100.4",0,7021,0,17.5525,0,1,"MYB",1
"MA0499.3","MA0499.3",0,2684,0,6.71,0,1,"MYOD1",1
"MA0500.3","MA0500.3",0,1650,0,4.125,0,1,"MYOG",1
"MA0056.3","MA0056.3",0,2232,0,5.58,0,1,"MZF1",1
"MA1109.2","MA1109.2",0,5023,0,12.5575,0,1,"NEUROD1",1
"MA0668.3","MA0668.3",0,5023,0,12.5575,0,1,"Neurod2.1",1
"MA1642.2","MA1642.2",0,5653,0,14.1325,0,1,"NEUROG2.1",1
"MA0606.3","MA0606.3",0,5183,0,12.9575,0,1,"Nfat5",1
"MA0152.3","MA0152.3",0,4191,0,10.4775,0,1,"Nfatc2",1
"MA0150.3","MA0150.3",0,2448,0,6.12,0,1,"Nfe2l2",1
"MA0670.2","MA0670.2",0,8174,0,20.435,0,1,"NFIA",1
"MA0161.3","MA0161.3",0,3198,0,7.995,0,1,"NFIC",1
"MA0025.3","MA0025.3",0,2468,0,6.17,0,1,"NFIL3",1
"MA0671.2","MA0671.2",0,8174,0,20.435,0,1,"NFIX",1
"MA0778.2","MA0778.2",0,1322,0,3.305,0,1,"NFKB2",1
"MA0060.4","MA0060.4",0,1807,0,4.5175,0,1,"NFYA",1
"MA0502.3","MA0502.3",0,1698,0,4.245,0,1,"NFYB",1
"MA1644.2","MA1644.2",0,2146,0,5.365,0,1,"NFYC",1
"MA1529.2","MA1529.2",0,2748,0,6.87,0,1,"NHLH2",1
"MA0672.2","MA0672.2",0,1482,0,3.705,0,1,"NKX2-3",1
"MA2003.2","MA2003.2",0,1801,0,4.5025,0,1,"NKX2-4",1
"MA0063.3","MA0063.3",0,1904,0,4.76,0,1,"NKX2-5",1
"MA0673.2","MA0673.2",0,1653,0,4.1325,0,1,"NKX2-8",1
"MA0124.3","MA0124.3",0,1938,0,4.845,0,1,"Nkx3-1",1
"MA0674.2","MA0674.2",0,3138,0,7.845,0,1,"NKX6-1",1
"MA0675.2","MA0675.2",0,5387,0,13.4675,0,1,"NKX6-2",1
"MA1530.2","MA1530.2",0,2451,0,6.1275,0,1,"NKX6-3",1
"MA0125.2","MA0125.2",0,6946,0,17.365,0,1,"Nobox",1
"MA0710.2","MA0710.2",0,2348,0,5.87,0,1,"NOTO",1
"MA0626.2","MA0626.2",0,780,0,1.95,0,1,"Npas2",1
"MA1995.2","MA1995.2",0,488,0,1.22,0,1,"Npas4",1
"MA1146.2","MA1146.2",0,1105,0,2.7625,0,1,"NR1H4::RXRA",1
"MA1534.2","MA1534.2",0,1742,0,4.355,0,1,"NR1I3",1
"MA0164.2","MA0164.2",0,4668,0,11.67,0,1,"Nr2e3",1
"MA0113.4","MA0113.4",0,847,0,2.1175,0,1,"NR3C1",1
"MA0727.2","MA0727.2",0,867,0,2.1675,0,1,"NR3C2",1
"MA1147.2","MA1147.2",0,967,0,2.4175,0,1,"NR4A2::RXRA",1
"MA0505.3","MA0505.3",0,2302,0,5.755,0,1,"Nr5A2",1
"MA0506.3","MA0506.3",0,2490,0,6.225,0,1,"Nrf1",1
"MA0842.3","MA0842.3",0,2033,0,5.0825,0,1,"NRL",1
"MA0679.3","MA0679.3",0,2192,0,5.48,0,1,"ONECUT1",1
"MA0757.2","MA0757.2",0,2851,0,7.1275,0,1,"ONECUT3",1
"MA1542.2","MA1542.2",0,1065,0,2.6625,0,1,"OSR1",1
"MA1544.2","MA1544.2",0,258,0,0.645,0,1,"OVOL1",1
"MA1545.2","MA1545.2",0,289,0,0.7225,0,1,"OVOL2",1
"MA0067.3","MA0067.3",0,621,0,1.5525,0,1,"PAX2",1
"MA1546.2","MA1546.2",0,626,0,1.565,0,1,"PAX3.1",1
"MA0680.3","MA0680.3",0,3754,0,9.385,0,1,"Pax7",1
"MA0070.2","MA0070.2",0,1764,0,4.41,0,1,"PBX1",1
"MA1113.3","MA1113.3",0,2928,0,7.32,0,1,"PBX2",1
"MA1114.2","MA1114.2",0,3681,0,9.2025,0,1,"PBX3",1
"MA0132.3","MA0132.3",0,5387,0,13.4675,0,1,"PDX1",1
"MA0681.3","MA0681.3",0,6233,0,15.5825,0,1,"PHOX2B",1
"MA0782.3","MA0782.3",0,3290,0,8.225,0,1,"PKNOX1",1
"MA1615.2","MA1615.2",0,2830,0,7.075,0,1,"Plagl1",1
"MA1548.2","MA1548.2",0,1350,0,3.375,0,1,"PLAGL2",1
"MA0784.3","MA0784.3",0,4397,0,10.9925,0,1,"POU1F1",1
"MA0785.2","MA0785.2",0,3216,0,8.04,0,1,"POU2F1",1
"MA0507.3","MA0507.3",0,3898,0,9.745,0,1,"POU2F2",1
"MA0627.3","MA0627.3",0,3578,0,8.945,0,1,"POU2F3",1
"MA0786.2","MA0786.2",0,4216,0,10.54,0,1,"POU3F1",1
"MA0790.2","MA0790.2",0,5954,0,14.885,0,1,"POU4F1",1
"MA0683.2","MA0683.2",0,5035,0,12.5875,0,1,"POU4F2",1
"MA0791.2","MA0791.2",0,5723,0,14.3075,0,1,"POU4F3",1
"MA1115.2","MA1115.2",0,3138,0,7.845,0,1,"POU5F1",1
"MA0628.2","MA0628.2",0,5387,0,13.4675,0,1,"POU6F1",1
"MA1549.2","MA1549.2",0,2910,0,7.275,0,1,"POU6F1.1",1
"MA0793.2","MA0793.2",0,2999,0,7.4975,0,1,"POU6F2",1
"MA0066.2","MA0066.2",0,1724,0,4.31,0,1,"PPARG",1
"MA0508.4","MA0508.4",0,4941,0,12.3525,0,1,"PRDM1",1
"MA1998.2","MA1998.2",0,1195,0,2.9875,0,1,"Prdm14",1
"MA1616.2","MA1616.2",0,2882,0,7.205,0,1,"Prdm15",1
"MA1647.3","MA1647.3",0,2185,0,5.4625,0,1,"Prdm4",1
"MA0716.2","MA0716.2",0,6946,0,17.365,0,1,"PRRX1",1
"MA0075.4","MA0075.4",0,2348,0,5.87,0,1,"PRRX2",1
"MA1620.2","MA1620.2",0,2047,0,5.1175,0,1,"Ptf1A.2",1
"MA1149.2","MA1149.2",0,2400,0,6,0,1,"RARA::RXRG",1
"MA1552.2","MA1552.2",0,1026,0,2.565,0,1,"RARB",1
"MA1553.2","MA1553.2",0,987,0,2.4675,0,1,"RARG",1
"MA0718.2","MA0718.2",0,6946,0,17.365,0,1,"RAX",1
"MA0717.2","MA0717.2",0,6946,0,17.365,0,1,"RAX2",1
"MA1117.2","MA1117.2",0,2177,0,5.4425,0,1,"RELB",1
"MA0138.3","MA0138.3",0,3227,0,8.0675,0,1,"REST",1
"MA0600.3","MA0600.3",0,1701,0,4.2525,0,1,"RFX2",1
"MA0799.3","MA0799.3",0,783,0,1.9575,0,1,"RFX4",1
"MA0510.3","MA0510.3",0,1746,0,4.365,0,1,"RFX5",1
"MA1724.2","MA1724.2",0,1901,0,4.7525,0,1,"Rfx6",1
"MA1554.2","MA1554.2",0,744,0,1.86,0,1,"RFX7",1
"MA0072.2","MA0072.2",0,2718,0,6.795,0,1,"RORA.1",1
"MA1150.2","MA1150.2",0,2906,0,7.265,0,1,"RORB",1
"MA1151.2","MA1151.2",0,2798,0,6.995,0,1,"RORC",1
"MA0002.3","MA0002.3",0,2953,0,7.3825,0,1,"Runx1",1
"MA0684.3","MA0684.3",0,1806,0,4.515,0,1,"RUNX3",1
"MA1963.2","MA1963.2",0,1743,0,4.3575,0,1,"SATB1",1
"MA0743.3","MA0743.3",0,1531,0,3.8275,0,1,"SCRT1",1
"MA0744.3","MA0744.3",0,1440,0,3.6,0,1,"SCRT2",1
"MA0630.2","MA0630.2",0,6946,0,17.365,0,1,"SHOX",1
"MA0720.2","MA0720.2",0,6946,0,17.365,0,1,"Shox2",1
"MA1118.2","MA1118.2",0,1823,0,4.5575,0,1,"SIX1",1
"MA1119.2","MA1119.2",0,2399,0,5.9975,0,1,"SIX2",1
"MA0631.2","MA0631.2",0,897,0,2.2425,0,1,"Six3",1
"MA2001.2","MA2001.2",0,1912,0,4.78,0,1,"Six4",1
"MA1153.2","MA1153.2",0,1371,0,3.4275,0,1,"Smad4",1
"MA0745.3","MA0745.3",0,1874,0,4.685,0,1,"SNAI2",1
"MA1561.2","MA1561.2",0,749,0,1.8725,0,1,"SOX12",1
"MA1120.2","MA1120.2",0,1905,0,4.7625,0,1,"SOX13",1
"MA1562.2","MA1562.2",0,1045,0,2.6125,0,1,"SOX14",1
"MA1152.2","MA1152.2",0,3173,0,7.9325,0,1,"SOX15",1
"MA0514.3","MA0514.3",0,1905,0,4.7625,0,1,"Sox3",1
"MA0867.3","MA0867.3",0,2571,0,6.4275,0,1,"SOX4",1
"MA0087.3","MA0087.3",0,1505,0,3.7625,0,1,"Sox5",1
"MA0868.3","MA0868.3",0,2323,0,5.8075,0,1,"SOX8",1
"MA0077.2","MA0077.2",0,1642,0,4.105,0,1,"SOX9",1
"MA0746.3","MA0746.3",0,5049,0,12.6225,0,1,"SP3",1
"MA1564.2","MA1564.2",0,4615,0,11.5375,0,1,"SP9",1
"MA0829.3","MA0829.3",0,1423,0,3.5575,0,1,"SREBF1.1",1
"MA0084.2","MA0084.2",0,2910,0,7.275,0,1,"SRY",1
"MA0137.4","MA0137.4",0,2531,0,6.3275,0,1,"STAT1",1
"MA0144.3","MA0144.3",0,3396,0,8.49,0,1,"STAT3",1
"MA0518.2","MA0518.2",0,3428,0,8.57,0,1,"Stat4",1
"MA1624.2","MA1624.2",0,2889,0,7.2225,0,1,"Stat5a",1
"MA0519.2","MA0519.2",0,3203,0,8.0075,0,1,"Stat5a::Stat5b",1
"MA0520.2","MA0520.2",0,2798,0,6.995,0,1,"Stat6",1
"MA0108.3","MA0108.3",0,3026,0,7.565,0,1,"TBP",1
"MA0802.2","MA0802.2",0,1907,0,4.7675,0,1,"TBR1",1
"MA1565.2","MA1565.2",0,1867,0,4.6675,0,1,"TBX18",1
"MA0804.2","MA0804.2",0,805,0,2.0125,0,1,"TBX19",1
"MA0688.2","MA0688.2",0,1544,0,3.86,0,1,"TBX2",1
"MA1567.3","MA1567.3",0,2532,0,6.33,0,1,"Tbx6",1
"MA1568.2","MA1568.2",0,1439,0,3.5975,0,1,"TCF21",1
"MA0769.3","MA0769.3",0,2124,0,5.31,0,1,"TCF7",1
"MA0523.2","MA0523.2",0,2786,0,6.965,0,1,"TCF7L2",1
"MA0632.3","MA0632.3",0,879,0,2.1975,0,1,"TCFL5",1
"MA0090.4","MA0090.4",0,2556,0,6.39,0,1,"TEAD1",1
"MA1121.2","MA1121.2",0,2207,0,5.5175,0,1,"TEAD2",1
"MA0809.3","MA0809.3",0,2136,0,5.34,0,1,"TEAD4",1
"MA0003.5","MA0003.5",0,3695,0,9.2375,0,1,"TFAP2A.2",1
"MA0811.2","MA0811.2",0,3078,0,7.695,0,1,"TFAP2B.1",1
"MA0812.2","MA0812.2",0,2890,0,7.225,0,1,"TFAP2B.2",1
"MA0814.3","MA0814.3",0,4122,0,10.305,0,1,"TFAP2C.2",1
"MA1569.2","MA1569.2",0,2808,0,7.02,0,1,"TFAP2E",1
"MA1966.2","MA1966.2",0,2986,0,7.465,0,1,"TFAP4::ETV1",1
"MA1968.2","MA1968.2",0,557,0,1.3925,0,1,"TFCP2",1
"MA0692.2","MA0692.2",0,821,0,2.0525,0,1,"TFEB",1
"MA0871.3","MA0871.3",0,821,0,2.0525,0,1,"TFEC",1
"MA1575.2","MA1575.2",0,1317,0,3.2925,0,1,"THRB.1",1
"MA1576.2","MA1576.2",0,2388,0,5.97,0,1,"THRB.2",1
"MA1577.2","MA1577.2",0,6946,0,17.365,0,1,"TLX2",1
"MA0861.2","MA0861.2",0,891,0,2.2275,0,1,"TP73",1
"MA1970.2","MA1970.2",0,1980,0,4.95,0,1,"TRPS1",1
"MA1123.3","MA1123.3",0,4511,0,11.2775,0,1,"TWIST1",1
"MA0721.2","MA0721.2",0,5387,0,13.4675,0,1,"UNCX",1
"MA0093.4","MA0093.4",0,2010,0,5.025,0,1,"USF1",1
"MA0526.5","MA0526.5",0,847,0,2.1175,0,1,"USF2",1
"MA0722.2","MA0722.2",0,2348,0,5.87,0,1,"VAX1",1
"MA0723.3","MA0723.3",0,5387,0,13.4675,0,1,"VAX2",1
"MA0725.2","MA0725.2",0,2348,0,5.87,0,1,"VSX1",1
"MA0726.2","MA0726.2",0,2348,0,5.87,0,1,"VSX2",1
"MA0844.2","MA0844.2",0,632,0,1.58,0,1,"XBP1",1
"MA0095.4","MA0095.4",0,2489,0,6.2225,0,1,"Yy1",1
"MA0748.3","MA0748.3",0,1564,0,3.91,0,1,"YY2",1
"MA0749.2","MA0749.2",0,178,0,0.445,0,1,"ZBED1",1
"MA1971.2","MA1971.2",0,635,0,1.5875,0,1,"ZBED2",1
"MA1649.2","MA1649.2",0,2725,0,6.8125,0,1,"ZBTB12",1
"MA1650.2","MA1650.2",0,1387,0,3.4675,0,1,"ZBTB14",1
"MA1579.2","MA1579.2",0,2870,0,7.175,0,1,"ZBTB26",1
"MA0527.2","MA0527.2",0,547,0,1.3675,0,1,"ZBTB33",1
"MA1581.2","MA1581.2",0,3117,0,7.7925,0,1,"ZBTB6",1
"MA0750.3","MA0750.3",0,1833,0,4.5825,0,1,"ZBTB7A",1
"MA0695.2","MA0695.2",0,801,0,2.0025,0,1,"ZBTB7C",1
"MA2002.2","MA2002.2",0,3504,0,8.76,0,1,"Zfp335",1
"MA1651.2","MA1651.2",0,2479,0,6.1975,0,1,"ZFP42",1
"MA1583.2","MA1583.2",0,1263,0,3.1575,0,1,"ZFP57",1
"MA1629.2","MA1629.2",0,4380,0,10.95,0,1,"Zic2",1
"MA1584.2","MA1584.2",0,2287,0,5.7175,0,1,"ZIC5",1
"MA1585.2","MA1585.2",0,1066,0,2.665,0,1,"ZKSCAN1",1
"MA1973.2","MA1973.2",0,2570,0,6.425,0,1,"ZKSCAN3",1
"MA1654.2","MA1654.2",0,3877,0,9.6925,0,1,"ZNF16",1
"MA1725.2","MA1725.2",0,2626,0,6.565,0,1,"ZNF189",1
"MA1974.2","MA1974.2",0,1166,0,2.915,0,1,"ZNF211",1
"MA1975.2","MA1975.2",0,2043,0,5.1075,0,1,"ZNF214",1
"MA1710.2","MA1710.2",0,5540,0,13.85,0,1,"ZNF257",1
"MA1592.2","MA1592.2",0,1836,0,4.59,0,1,"ZNF274",1
"MA1154.2","MA1154.2",0,2154,0,5.385,0,1,"ZNF282",1
"MA1593.2","MA1593.2",0,3634,0,9.085,0,1,"ZNF317",1
"MA1977.2","MA1977.2",0,2721,0,6.8025,0,1,"ZNF324",1
"MA1726.2","MA1726.2",0,4449,0,11.1225,0,1,"ZNF331",1
"MA1655.2","MA1655.2",0,1950,0,4.875,0,1,"ZNF341",1
"MA1978.2","MA1978.2",0,7121,0,17.8025,0,1,"ZNF354A",1
"MA0752.2","MA0752.2",0,1705,0,4.2625,0,1,"ZNF410",1
"MA1979.2","MA1979.2",0,3312,0,8.28,0,1,"ZNF416",1
"MA1727.2","MA1727.2",0,2106,0,5.265,0,1,"ZNF417",1
"MA1728.2","MA1728.2",0,4123,0,10.3075,0,1,"ZNF549",1
"MA1982.2","MA1982.2",0,2573,0,6.4325,0,1,"ZNF574",1
"MA1983.2","MA1983.2",0,2650,0,6.625,0,1,"ZNF582",1
"MA1657.2","MA1657.2",0,2031,0,5.0775,0,1,"ZNF652",1
"MA1984.2","MA1984.2",0,2160,0,5.4,0,1,"ZNF667",1
"MA1714.2","MA1714.2",0,2766,0,6.915,0,1,"ZNF675",1
"MA1729.2","MA1729.2",0,3637,0,9.0925,0,1,"ZNF680",1
"MA1600.2","MA1600.2",0,2924,0,7.31,0,1,"ZNF684",1
"MA1986.2","MA1986.2",0,3184,0,7.96,0,1,"ZNF692",1
"MA1987.2","MA1987.2",0,5535,0,13.8375,0,1,"ZNF701",1
"MA1730.2","MA1730.2",0,2562,0,6.405,0,1,"ZNF708",1
"MA1716.2","MA1716.2",0,2645,0,6.6125,0,1,"ZNF76",1
"MA1731.2","MA1731.2",0,4137,0,10.3425,0,1,"ZNF768",1
"MA1717.2","MA1717.2",0,516,0,1.29,0,1,"ZNF784",1
"MA1719.2","MA1719.2",0,3364,0,8.41,0,1,"ZNF816",1
"MA1720.2","MA1720.2",0,2364,0,5.91,0,1,"ZNF85",1
"MA1721.2","MA1721.2",0,4557,0,11.3925,0,1,"ZNF93",1
"MA1602.2","MA1602.2",0,680,0,1.7,0,1,"ZSCAN29",1
